site1,site2,comp1,comp2,a,b,c,distance,J_ij,J_ij(meV),dgn,type1,type2
1,1,1,1,0.5000,0.5000,0.0000,0.707107,0.000104,1.41969,12,Mn_4b_0,Mn_4b_0
1,1,1,1,0.0000,0.0000,1.0000,1.0,6.2e-05,0.841134,6,Mn_4b_0,Mn_4b_0
1,1,1,1,1.0000,0.5000,0.5000,1.224745,-2.5e-05,-0.343158,24,Mn_4b_0,Mn_4b_0
1,1,1,1,1.0000,1.0000,0.0000,1.414214,2.2e-05,0.304633,12,Mn_4b_0,Mn_4b_0
1,1,1,1,0.0000,-0.5000,1.5000,1.581139,-1e-06,-0.01553,24,Mn_4b_0,Mn_4b_0
1,1,1,1,1.0000,1.0000,1.0000,1.732051,-3e-06,-0.038736,8,Mn_4b_0,Mn_4b_0
1,1,1,1,1.5000,1.0000,0.5000,1.870829,0.0,0.003705,48,Mn_4b_0,Mn_4b_0
1,1,1,1,0.0000,0.0000,2.0000,2.0,-4e-06,-0.050375,6,Mn_4b_0,Mn_4b_0
1,1,1,1,1.5000,1.5000,0.0000,2.12132,1e-06,0.011508,12,Mn_4b_0,Mn_4b_0
1,1,1,1,0.5000,-0.5000,2.0000,2.12132,0.0,0.002125,24,Mn_4b_0,Mn_4b_0
1,1,1,1,0.0000,-1.0000,2.0000,2.236068,-0.0,-0.002389,24,Mn_4b_0,Mn_4b_0
1,1,1,1,1.5000,1.5000,1.0000,2.345208,-1e-06,-0.010669,24,Mn_4b_0,Mn_4b_0
1,1,1,1,2.0000,1.0000,1.0000,2.44949,-0.0,-0.001143,24,Mn_4b_0,Mn_4b_0
1,1,1,1,2.0000,1.5000,0.5000,2.54951,0.0,0.000654,48,Mn_4b_0,Mn_4b_0
1,1,1,1,0.0000,-0.5000,2.5000,2.54951,0.0,0.004432,24,Mn_4b_0,Mn_4b_0
1,1,1,1,0.5000,-1.0000,2.5000,2.738613,-0.0,-0.001226,48,Mn_4b_0,Mn_4b_0
1,1,1,1,2.0000,2.0000,0.0000,2.828427,0.0,0.002499,12,Mn_4b_0,Mn_4b_0
1,1,1,1,2.0000,1.5000,1.5000,2.915476,0.0,0.004237,24,Mn_4b_0,Mn_4b_0
1,1,1,1,0.0000,-1.5000,2.5000,2.915476,0.0,0.002355,24,Mn_4b_0,Mn_4b_0
1,1,1,1,2.0000,2.0000,1.0000,3.0,-0.0,-0.001561,24,Mn_4b_0,Mn_4b_0
1,1,1,1,0.0000,0.0000,3.0000,3.0,-0.0,-0.006668,6,Mn_4b_0,Mn_4b_0
1,2,1,1,0.0000,0.0000,0.0000,0.433013,0.001053,14.333253,8,Mn_4b_0,Co_8c_4
1,2,1,1,1.0000,0.5000,0.5000,0.829156,6.3e-05,0.853522,24,Mn_4b_0,Co_8c_4
1,3,1,1,0.5000,0.5000,0.0000,1.089725,1.3e-05,0.178912,24,Mn_4b_0,Co_8c_4
1,2,1,1,1.0000,1.0000,1.0000,1.299038,2e-06,0.03302,8,Mn_4b_0,Co_8c_4
1,3,1,1,-0.5000,-0.5000,1.0000,1.299038,0.0,0.003939,24,Mn_4b_0,Co_8c_4
1,2,1,1,1.5000,1.0000,0.5000,1.47902,1e-06,0.014808,48,Mn_4b_0,Co_8c_4
1,3,1,1,1.0000,0.5000,0.5000,1.63936,0.0,0.003235,24,Mn_4b_0,Co_8c_4
1,3,1,1,1.0000,1.0000,0.0000,1.785357,2e-06,0.026576,24,Mn_4b_0,Co_8c_4
1,3,1,1,0.0000,-0.5000,1.5000,1.785357,-1e-06,-0.015869,24,Mn_4b_0,Co_8c_4
1,2,1,1,1.5000,1.5000,1.0000,1.920286,0.0,0.001143,24,Mn_4b_0,Co_8c_4
1,3,1,1,-0.5000,-1.0000,1.5000,1.920286,0.0,0.000471,48,Mn_4b_0,Co_8c_4
1,2,1,1,2.0000,1.0000,1.0000,2.046338,-0.0,-0.002236,24,Mn_4b_0,Co_8c_4
1,2,1,1,2.0000,1.5000,0.5000,2.165064,-0.0,-0.002713,48,Mn_4b_0,Co_8c_4
1,3,1,1,1.0000,1.0000,1.0000,2.165064,-0.0,-0.000234,8,Mn_4b_0,Co_8c_4
1,3,1,1,1.5000,1.0000,0.5000,2.277608,-0.0,-0.001481,48,Mn_4b_0,Co_8c_4
1,3,1,1,-0.5000,-0.5000,2.0000,2.277608,0.0,0.00201,24,Mn_4b_0,Co_8c_4
1,3,1,1,0.0000,-1.0000,2.0000,2.384848,0.0,0.004137,48,Mn_4b_0,Co_8c_4
1,3,1,1,1.5000,1.5000,0.0000,2.487469,-0.0,-0.001705,24,Mn_4b_0,Co_8c_4
1,2,1,1,2.0000,1.5000,1.5000,2.487469,-0.0,-0.002211,24,Mn_4b_0,Co_8c_4
1,2,1,1,1.0000,-0.5000,2.5000,2.487469,-0.0,-0.000662,24,Mn_4b_0,Co_8c_4
1,2,1,1,2.0000,2.0000,1.0000,2.58602,0.0,0.000417,24,Mn_4b_0,Co_8c_4
1,3,1,1,-0.5000,-1.5000,2.0000,2.58602,0.0,0.000893,48,Mn_4b_0,Co_8c_4
1,2,1,1,2.5000,1.5000,1.0000,2.680951,-0.0,-0.00035,48,Mn_4b_0,Co_8c_4
1,3,1,1,1.5000,1.5000,1.0000,2.772634,-0.0,-0.000535,24,Mn_4b_0,Co_8c_4
1,3,1,1,0.0000,-0.5000,2.5000,2.772634,0.0,0.001012,24,Mn_4b_0,Co_8c_4
1,2,1,1,2.5000,2.0000,0.5000,2.861381,-0.0,-0.000222,48,Mn_4b_0,Co_8c_4
1,3,1,1,2.0000,1.0000,1.0000,2.861381,-0.0,-0.000675,24,Mn_4b_0,Co_8c_4
1,3,1,1,-0.5000,-1.0000,2.5000,2.861381,-0.0,-0.000878,48,Mn_4b_0,Co_8c_4
1,3,1,1,2.0000,1.5000,0.5000,2.947457,-0.0,-0.00019,48,Mn_4b_0,Co_8c_4
1,3,1,1,0.5000,-1.0000,2.5000,2.947457,0.0,0.000482,24,Mn_4b_0,Co_8c_4
1,4,1,1,0.5000,0.5000,0.0000,0.5,1.4e-05,0.18898,6,Mn_4b_0,Si_4a_12
1,4,1,1,0.0000,0.0000,0.0000,0.866025,-3e-06,-0.040426,8,Mn_4b_0,Si_4a_12
1,4,1,1,1.5000,1.0000,0.5000,1.118034,0.0,0.00011,24,Mn_4b_0,Si_4a_12
1,4,1,1,1.5000,1.5000,0.0000,1.5,-0.0,-0.000894,24,Mn_4b_0,Si_4a_12
1,4,1,1,0.5000,0.5000,2.0000,1.5,-0.0,-0.000738,6,Mn_4b_0,Si_4a_12
1,4,1,1,2.0000,1.0000,1.0000,1.658312,-0.0,-1.2e-05,24,Mn_4b_0,Si_4a_12
1,4,1,1,2.0000,1.5000,0.5000,1.802776,-0.0,-0.00014,24,Mn_4b_0,Si_4a_12
1,4,1,1,1.5000,-0.5000,2.0000,2.061553,0.0,6.3e-05,24,Mn_4b_0,Si_4a_12
1,4,1,1,0.5000,0.0000,2.5000,2.061553,0.0,0.000121,24,Mn_4b_0,Si_4a_12
1,4,1,1,2.0000,2.0000,0.0000,2.179449,0.0,4.8e-05,24,Mn_4b_0,Si_4a_12
1,4,1,1,2.5000,1.5000,1.0000,2.291288,-0.0,-1.6e-05,48,Mn_4b_0,Si_4a_12
1,4,1,1,2.5000,2.0000,0.5000,2.5,0.0,3e-05,24,Mn_4b_0,Si_4a_12
1,4,1,1,0.5000,0.5000,3.0000,2.5,-0.0,-6.6e-05,6,Mn_4b_0,Si_4a_12
1,4,1,1,2.0000,2.0000,2.0000,2.598076,0.0,3.4e-05,8,Mn_4b_0,Si_4a_12
1,4,1,1,1.0000,0.0000,3.0000,2.598076,-0.0,-1e-06,24,Mn_4b_0,Si_4a_12
1,4,1,1,1.5000,-1.0000,2.5000,2.692582,0.0,3e-06,48,Mn_4b_0,Si_4a_12
1,4,1,1,0.5000,-0.5000,3.0000,2.692582,-0.0,-2.5e-05,24,Mn_4b_0,Si_4a_12
1,4,1,1,2.5000,2.5000,0.0000,2.872281,-0.0,-7e-06,24,Mn_4b_0,Si_4a_12
1,4,1,1,3.0000,1.5000,1.5000,2.872281,0.0,7e-06,24,Mn_4b_0,Si_4a_12
1,4,1,1,3.0000,2.0000,1.0000,2.95804,0.0,5e-06,48,Mn_4b_0,Si_4a_12
3,2,1,1,0.5000,0.5000,0.0000,0.5,0.000181,2.461979,6,Co_8c_4,Co_8c_4
3,3,1,1,0.5000,0.5000,0.0000,0.707107,-2e-05,-0.272989,12,Co_8c_4,Co_8c_4
3,2,1,1,0.0000,0.0000,0.0000,0.866025,-4.7e-05,-0.643534,4,Co_8c_4,Co_8c_4
3,2,1,1,1.0000,1.0000,1.0000,0.866025,4.5e-05,0.615189,4,Co_8c_4,Co_8c_4
3,3,1,1,0.0000,0.0000,1.0000,1.0,7.8e-05,1.057406,6,Co_8c_4,Co_8c_4
3,2,1,1,1.5000,1.0000,0.5000,1.118034,-7e-06,-0.092392,24,Co_8c_4,Co_8c_4
3,3,1,1,1.0000,0.5000,0.5000,1.224745,-0.0,-0.002101,24,Co_8c_4,Co_8c_4
3,3,1,1,1.0000,1.0000,0.0000,1.414214,0.0,0.002438,12,Co_8c_4,Co_8c_4
3,2,1,1,1.5000,1.5000,0.0000,1.5,1e-06,0.018871,12,Co_8c_4,Co_8c_4
3,2,1,1,1.5000,1.5000,1.0000,1.5,-0.0,-0.004967,12,Co_8c_4,Co_8c_4
3,2,1,1,0.5000,0.5000,2.0000,1.5,2.1e-05,0.286067,6,Co_8c_4,Co_8c_4
3,3,1,1,0.0000,-0.5000,1.5000,1.581139,-1e-06,-0.019972,24,Co_8c_4,Co_8c_4
3,2,1,1,2.0000,1.0000,1.0000,1.658312,1e-06,0.019146,12,Co_8c_4,Co_8c_4
3,2,1,1,1.0000,0.0000,2.0000,1.658312,1e-06,0.013792,12,Co_8c_4,Co_8c_4
3,3,1,1,1.0000,1.0000,1.0000,1.732051,-0.0,-0.001008,8,Co_8c_4,Co_8c_4
3,2,1,1,2.0000,1.5000,0.5000,1.802776,-0.0,-0.002625,24,Co_8c_4,Co_8c_4
3,3,1,1,1.5000,1.0000,0.5000,1.870829,0.0,0.003847,48,Co_8c_4,Co_8c_4
3,3,1,1,0.0000,0.0000,2.0000,2.0,3e-06,0.037316,6,Co_8c_4,Co_8c_4
3,2,1,1,1.5000,-0.5000,2.0000,2.061553,0.0,0.000699,12,Co_8c_4,Co_8c_4
3,2,1,1,2.0000,1.5000,1.5000,2.061553,0.0,0.003793,12,Co_8c_4,Co_8c_4
3,2,1,1,0.5000,0.0000,2.5000,2.061553,-0.0,-0.004158,24,Co_8c_4,Co_8c_4
3,3,1,1,1.5000,1.5000,0.0000,2.12132,1e-06,0.00717,12,Co_8c_4,Co_8c_4
3,3,1,1,0.5000,-0.5000,2.0000,2.12132,-0.0,-0.001446,24,Co_8c_4,Co_8c_4
3,2,1,1,2.0000,2.0000,0.0000,2.179449,0.0,0.005869,12,Co_8c_4,Co_8c_4
3,2,1,1,2.0000,2.0000,1.0000,2.179449,0.0,0.000863,12,Co_8c_4,Co_8c_4
3,3,1,1,0.0000,-1.0000,2.0000,2.236068,-1e-06,-0.00909,24,Co_8c_4,Co_8c_4
3,2,1,1,2.5000,1.5000,1.0000,2.291288,0.0,0.001783,24,Co_8c_4,Co_8c_4
3,2,1,1,1.0000,-0.5000,2.5000,2.291288,0.0,0.002029,24,Co_8c_4,Co_8c_4
3,3,1,1,1.5000,1.5000,1.0000,2.345208,0.0,0.000889,24,Co_8c_4,Co_8c_4
3,3,1,1,2.0000,1.0000,1.0000,2.44949,0.0,0.000114,24,Co_8c_4,Co_8c_4
3,2,1,1,2.5000,2.0000,0.5000,2.5,0.0,0.000644,24,Co_8c_4,Co_8c_4
3,2,1,1,0.5000,0.5000,3.0000,2.5,-2e-06,-0.022437,6,Co_8c_4,Co_8c_4
3,3,1,1,2.0000,1.5000,0.5000,2.54951,0.0,0.000718,48,Co_8c_4,Co_8c_4
3,3,1,1,0.0000,-0.5000,2.5000,2.54951,1e-06,0.008775,24,Co_8c_4,Co_8c_4
3,2,1,1,2.0000,2.0000,2.0000,2.598076,0.0,0.000859,4,Co_8c_4,Co_8c_4
3,2,1,1,1.0000,0.0000,3.0000,2.598076,0.0,0.004392,12,Co_8c_4,Co_8c_4
3,2,1,1,0.0000,0.0000,3.0000,2.598076,-0.0,-0.005782,12,Co_8c_4,Co_8c_4
3,2,1,1,-1.0000,2.0000,2.0000,2.598076,-0.0,-0.000285,4,Co_8c_4,Co_8c_4
3,2,1,1,1.5000,-1.0000,2.5000,2.692582,-0.0,-0.00037,24,Co_8c_4,Co_8c_4
3,2,1,1,2.5000,2.0000,1.5000,2.692582,0.0,0.000483,24,Co_8c_4,Co_8c_4
3,2,1,1,0.5000,-0.5000,3.0000,2.692582,-0.0,-0.003908,24,Co_8c_4,Co_8c_4
3,3,1,1,0.5000,-1.0000,2.5000,2.738613,0.0,0.00086,48,Co_8c_4,Co_8c_4
3,3,1,1,2.0000,2.0000,0.0000,2.828427,-0.0,-0.001137,12,Co_8c_4,Co_8c_4
3,2,1,1,2.5000,2.5000,0.0000,2.872281,-0.0,-0.000837,12,Co_8c_4,Co_8c_4
3,2,1,1,3.0000,1.5000,1.5000,2.872281,-0.0,-0.000307,12,Co_8c_4,Co_8c_4
3,2,1,1,2.5000,2.5000,1.0000,2.872281,0.0,0.000663,12,Co_8c_4,Co_8c_4
3,2,1,1,1.5000,-0.5000,3.0000,2.872281,-0.0,-0.001008,12,Co_8c_4,Co_8c_4
3,3,1,1,2.0000,1.5000,1.5000,2.915476,0.0,0.000143,24,Co_8c_4,Co_8c_4
3,3,1,1,0.0000,-1.5000,2.5000,2.915476,0.0,0.000191,24,Co_8c_4,Co_8c_4
3,2,1,1,3.0000,2.0000,1.0000,2.95804,-0.0,-0.000721,24,Co_8c_4,Co_8c_4
3,2,1,1,1.0000,-1.0000,3.0000,2.95804,0.0,0.000742,24,Co_8c_4,Co_8c_4
3,3,1,1,2.0000,2.0000,1.0000,3.0,0.0,0.000181,24,Co_8c_4,Co_8c_4
3,3,1,1,0.0000,0.0000,3.0000,3.0,-1e-06,-0.019084,6,Co_8c_4,Co_8c_4
3,4,1,1,1.0000,0.5000,0.5000,0.433013,1.3e-05,0.177187,4,Co_8c_4,Si_4a_12
3,4,1,1,0.5000,0.5000,0.0000,0.829156,0.0,0.003692,12,Co_8c_4,Si_4a_12
3,4,1,1,1.5000,1.5000,1.0000,1.089725,-0.0,-4.4e-05,12,Co_8c_4,Si_4a_12
3,4,1,1,0.0000,0.0000,0.0000,1.299038,-0.0,-0.001158,4,Co_8c_4,Si_4a_12
3,4,1,1,2.0000,1.0000,1.0000,1.299038,-0.0,-0.001167,12,Co_8c_4,Si_4a_12
3,4,1,1,2.0000,1.5000,0.5000,1.47902,0.0,0.000139,24,Co_8c_4,Si_4a_12
3,4,1,1,2.0000,1.5000,1.5000,1.63936,-0.0,-5.2e-05,12,Co_8c_4,Si_4a_12
3,4,1,1,2.0000,2.0000,1.0000,1.785357,0.0,4.5e-05,12,Co_8c_4,Si_4a_12
3,4,1,1,1.0000,0.5000,2.5000,1.785357,-0.0,-0.000409,12,Co_8c_4,Si_4a_12
3,4,1,1,2.0000,2.0000,0.0000,1.920286,-0.0,-9.8e-05,12,Co_8c_4,Si_4a_12
3,4,1,1,2.5000,1.5000,1.0000,1.920286,0.0,8e-06,24,Co_8c_4,Si_4a_12
3,4,1,1,1.5000,0.0000,2.5000,2.046338,-0.0,-0.000131,12,Co_8c_4,Si_4a_12
3,4,1,1,2.5000,2.0000,0.5000,2.165064,0.0,1.3e-05,24,Co_8c_4,Si_4a_12
3,4,1,1,2.0000,2.0000,2.0000,2.165064,-0.0,-4.9e-05,4,Co_8c_4,Si_4a_12
3,4,1,1,2.5000,2.0000,1.5000,2.277608,-0.0,-3.1e-05,24,Co_8c_4,Si_4a_12
3,4,1,1,0.5000,0.5000,3.0000,2.277608,-0.0,-0.000106,12,Co_8c_4,Si_4a_12
3,4,1,1,1.0000,0.0000,3.0000,2.384848,0.0,6.3e-05,24,Co_8c_4,Si_4a_12
3,4,1,1,3.0000,1.5000,1.5000,2.487469,-0.0,-3.2e-05,12,Co_8c_4,Si_4a_12
3,4,1,1,2.0000,-0.5000,2.5000,2.487469,0.0,8e-06,12,Co_8c_4,Si_4a_12
3,4,1,1,2.5000,2.5000,1.0000,2.487469,-0.0,-2.8e-05,12,Co_8c_4,Si_4a_12
3,4,1,1,2.5000,2.5000,0.0000,2.58602,0.0,6e-06,12,Co_8c_4,Si_4a_12
3,4,1,1,3.0000,2.0000,1.0000,2.58602,0.0,1.2e-05,24,Co_8c_4,Si_4a_12
3,4,1,1,1.5000,-0.5000,3.0000,2.680951,-0.0,-1e-06,24,Co_8c_4,Si_4a_12
3,4,1,1,2.5000,2.5000,2.0000,2.772634,-0.0,-7e-06,12,Co_8c_4,Si_4a_12
3,4,1,1,1.0000,0.5000,3.5000,2.772634,-0.0,-8e-06,12,Co_8c_4,Si_4a_12
3,4,1,1,3.0000,2.5000,0.5000,2.861381,0.0,2e-06,24,Co_8c_4,Si_4a_12
3,4,1,1,3.0000,2.0000,2.0000,2.861381,0.0,2e-06,12,Co_8c_4,Si_4a_12
3,4,1,1,0.5000,0.0000,3.5000,2.861381,0.0,1.4e-05,24,Co_8c_4,Si_4a_12
3,4,1,1,3.0000,2.5000,1.5000,2.947457,0.0,2e-06,24,Co_8c_4,Si_4a_12
3,4,1,1,1.5000,0.0000,3.5000,2.947457,-0.0,-1.9e-05,12,Co_8c_4,Si_4a_12
4,4,1,1,0.5000,0.5000,0.0000,0.707107,-0.0,-8.9e-05,12,Si_4a_12,Si_4a_12
4,4,1,1,0.0000,0.0000,1.0000,1.0,0.0,0.000149,6,Si_4a_12,Si_4a_12
4,4,1,1,1.0000,0.5000,0.5000,1.224745,-0.0,-5.2e-05,24,Si_4a_12,Si_4a_12
4,4,1,1,1.0000,1.0000,0.0000,1.414214,0.0,9.5e-05,12,Si_4a_12,Si_4a_12
4,4,1,1,0.0000,-0.5000,1.5000,1.581139,0.0,1.5e-05,24,Si_4a_12,Si_4a_12
4,4,1,1,1.0000,1.0000,1.0000,1.732051,0.0,1.2e-05,8,Si_4a_12,Si_4a_12
4,4,1,1,1.5000,1.0000,0.5000,1.870829,0.0,2e-06,48,Si_4a_12,Si_4a_12
4,4,1,1,0.0000,0.0000,2.0000,2.0,0.0,2e-06,6,Si_4a_12,Si_4a_12
4,4,1,1,1.5000,1.5000,0.0000,2.12132,-0.0,-2e-06,12,Si_4a_12,Si_4a_12
4,4,1,1,0.5000,-0.5000,2.0000,2.12132,-0.0,-0.0,24,Si_4a_12,Si_4a_12
4,4,1,1,0.0000,-1.0000,2.0000,2.236068,-0.0,-0.0,24,Si_4a_12,Si_4a_12
4,4,1,1,1.5000,1.5000,1.0000,2.345208,0.0,1e-06,24,Si_4a_12,Si_4a_12
4,4,1,1,2.0000,1.0000,1.0000,2.44949,0.0,0.0,24,Si_4a_12,Si_4a_12
4,4,1,1,2.0000,1.5000,0.5000,2.54951,-0.0,-0.0,48,Si_4a_12,Si_4a_12
4,4,1,1,0.0000,-0.5000,2.5000,2.54951,0.0,0.0,24,Si_4a_12,Si_4a_12
4,4,1,1,0.5000,-1.0000,2.5000,2.738613,-0.0,-0.0,48,Si_4a_12,Si_4a_12
4,4,1,1,2.0000,2.0000,0.0000,2.828427,0.0,0.0,12,Si_4a_12,Si_4a_12
4,4,1,1,2.0000,1.5000,1.5000,2.915476,-0.0,-0.0,24,Si_4a_12,Si_4a_12
4,4,1,1,0.0000,-1.5000,2.5000,2.915476,-0.0,-0.0,24,Si_4a_12,Si_4a_12
4,4,1,1,2.0000,2.0000,1.0000,3.0,-0.0,-0.0,24,Si_4a_12,Si_4a_12
4,4,1,1,0.0000,0.0000,3.0000,3.0,0.0,0.0,6,Si_4a_12,Si_4a_12
